<?xml version="1.0" encoding="UTF-8"?>
<project-private xmlns="http://www.netbeans.org/ns/project-private/1">
    <editor-bookmarks xmlns="http://www.netbeans.org/ns/editor-bookmarks/2" lastBookmarkId="0"/>
    <open-files xmlns="http://www.netbeans.org/ns/projectui-open-files/2">
        <group>
            <file>file:/home/wecingoma/Documents/javaP/FOHOW/src/Membres.java</file>
            <file>file:/home/wecingoma/Documents/javaP/FOHOW/src/Facture_proforma.java</file>
            <file>file:/home/wecingoma/Documents/javaP/FOHOW/src/cumule.java</file>
            <file>file:/home/wecingoma/Documents/javaP/FOHOW/src/Creation_Client.java</file>
            <file>file:/home/wecingoma/Documents/javaP/FOHOW/src/Profil1.java</file>
            <file>file:/home/wecingoma/Documents/javaP/FOHOW/src/parametre.java</file>
            <file>file:/home/wecingoma/Documents/javaP/FOHOW/src/Choix_membre.java</file>
            <file>file:/home/wecingoma/Documents/javaP/FOHOW/src/methode.java</file>
            <file>file:/home/wecingoma/Documents/javaP/FOHOW/src/Espace_Receptionniste.java</file>
            <file>file:/home/wecingoma/Documents/javaP/FOHOW/src/DatabaseConnector.java</file>
            <file>file:/home/wecingoma/Documents/javaP/FOHOW/src/image.java</file>
            <file>file:/home/wecingoma/Documents/javaP/FOHOW/src/impression.java</file>
            <file>file:/home/wecingoma/Documents/javaP/FOHOW/src/home.java</file>
            <file>file:/home/wecingoma/Documents/javaP/FOHOW/src/Profile2.java</file>
            <file>file:/home/wecingoma/Documents/javaP/FOHOW/src/Choix_Membre.java</file>
            <file>file:/home/wecingoma/Documents/javaP/FOHOW/src/fohow/DynamicProgressBarDemo.java</file>
            <file>file:/home/wecingoma/Documents/javaP/FOHOW/src/FactureMassage.java</file>
            <file>file:/home/wecingoma/Documents/javaP/FOHOW/src/NouveauPatient.java</file>
            <file>file:/home/wecingoma/Documents/javaP/FOHOW/src/Login1.java</file>
            <file>file:/home/wecingoma/Documents/javaP/FOHOW/src/FOHOW1.java</file>
            <file>file:/home/wecingoma/Documents/javaP/FOHOW/src/CreationCompte.java</file>
        </group>
    </open-files>
</project-private>
